id,name
1,Ryan Gallagher
2,박영길
3,後藤 あすか
4,Russell Reynolds
5,佐藤 七夏
6,伊藤 陽子
7,김경자
8,Teresa James
9,이경수
10,徐娟
11,刘龙
12,陈磊
13,井上 舞
14,中川 陽一
15,Gary Griffith
16,谷红霞
17,董建军
18,斉藤 結衣
19,林 明美
20,小川 拓真
21,高畅
22,黄芳
23,Paula Meyer
24,朱洋
25,魏桂花
26,이보람
27,岡本 桃子
28,赖欢
29,곽은경
30,渡辺 直人
31,佐藤 桃子
32,葛春梅
33,山口 春香
34,Anthony Berg
35,김예진
36,小林 太一
37,Loretta Salazar
38,Alfred Hall
39,谢丽丽
40,小川 結衣
41,홍정남
42,王强
43,김미영
44,中村 あすか
45,郭健
46,吕敏
47,John Johnson
48,吉田 健一
49,庄秀兰
50,许婷婷
51,佐藤 京助
52,Caitlin Bush
53,정서윤
54,小川 花子
55,윤승민
56,이은주
57,山本 零
58,山本 裕美子
59,Todd Manning
60,김건우
61,Amanda Weiss
62,Laura Jackson
63,우정자
64,이순자
65,Michael Hamilton
66,Brian Wade
67,胡志强
68,배경자
69,中村 零
70,Gina Lewis
71,홍현숙
72,文琴
73,민상호
74,김보람
75,田中 幹
76,陶坤
77,山本 洋介
78,尤淑英
79,최동현
80,鈴木 陽一
81,段雷
82,後藤 千代
83,Courtney Miller
84,齐玉兰
85,Judith Ramirez
86,Samantha Smith
87,김미영
88,王佳
89,吉田 香織
90,David Manning
91,Thomas Gray
92,Susan Carter
93,박동현
94,王强
95,이은서
96,山本 篤司
97,주현지
98,김우진
99,井上 美加子
100,刘丹
101,刘刚
102,William West
103,山崎 陽子
104,Eric Murphy
105,Ryan Barry
106,中村 直人
107,唐阳
108,David Jones
109,王明
110,이지우
111,문민재
112,안미경
113,김지영
114,長谷川 知実
115,박지훈
116,Steven Thomas
117,佐藤 知実
118,송하윤
119,中島 美加子
120,Jeffrey Moore
121,Mary King
122,차준서
123,Kimberly York
124,吴雷
125,王玉英
126,최도윤
127,Charles Martinez
128,村上 太郎
129,斎藤 翔太
130,松本 直樹
131,徐倩
132,刘娟
133,Danny Gutierrez
134,殷桂香
135,萧杰
136,Jorge Rich
137,Ralph Ware
138,池田 陽一
139,橋本 裕樹
140,Selena Mosley
141,최보람
142,김영호
143,김정순
144,中村 花子
145,姚军
146,송은정
147,关小红
148,藤田 陽一
149,苏娜
150,松田 直子
151,周凯
152,李丹丹
153,李秀珍
154,李建国
155,中島 晃
156,徐磊
157,许琳
158,Dustin Daniels
159,Kevin King
160,Raven Stokes
161,井上 花子
162,Patricia Duncan
163,이민석
164,김지아
165,费冬梅
166,Breanna Mason
167,山本 花子
168,松本 晃
169,徐建军
170,Richard Vega
171,윤성훈
172,王建
173,斉藤 結衣
174,冼静
175,赵春梅
176,山本 加奈
177,何彬
178,이승현
179,고영환
180,颜海燕
181,姜晶
182,清水 直子
183,山崎 陽子
184,近藤 桃子
185,Lisa Bailey
186,橋本 洋介
187,김지현
188,山田 篤司
189,姜红霞
190,阿部 晃
191,Theresa Vaughn
192,한예준
193,Daniel Mercado
194,鈴木 康弘
195,小林 花子
196,张颖
197,Robin Nelson
198,伊藤 春香
199,안준호
200,김진호
201,Sarah Johnson
202,清水 知実
203,권종수
204,Mario Martin
205,徐丹丹
206,조수민
207,Brenda Taylor
208,黄海燕
209,丁洁
210,김승민
211,Brett Lopez Jr.
212,Stacy Robinson
213,魏丽娟
214,斎藤 千代
215,김정자
216,James Simpson
217,张欢
218,山田 真綾
219,山下 聡太郎
220,백혜진
221,Robert Mathews
222,小林 英樹
223,Jennifer Beard
224,高橋 陽子
225,Charles Ortega
226,James Anderson
227,近藤 亮介
228,王雪梅
229,Donald Wilson
230,김재현
231,蒋雪梅
232,小林 舞
233,Margaret Sanchez
234,苗莉
235,许玉兰
236,김순자
237,田中 洋介
238,Matthew Reeves
239,Michelle Goodwin
240,丛宇
241,고지혜
242,Brandon Li
243,黄桂花
244,Joseph Ramos
245,James Zimmerman
246,佐藤 春香
247,Robert Miller
248,小林 稔
249,李桂荣
250,万建军
251,David Grant
252,中村 裕太
253,谢鹏
254,山田 里佳
255,黎兰英
256,Stephanie Decker
257,Christopher Wood
258,李东
259,김지원
260,Emily Evans
261,Frederick Goodman
262,박민서
263,中村 知実
264,迟丽
265,梅瑜
266,Tammy Nielsen
267,Brandy Mills
268,中川 桃子
269,신아름
270,山崎 直子
271,William Patel
272,Charles Mcdaniel
273,青木 加奈
274,Nicholas Williams
275,井上 翔太
276,이재현
277,Angela Jones
278,彭健
279,佐藤 千代
280,Michelle Campbell
281,Linda Glenn
282,Jessica Lowe
283,Theresa Yates
284,白凤兰
285,田中 裕樹
286,林艳
287,斉藤 裕太
288,김지혜
289,김성민
290,佐藤 香織
291,葛春梅
292,정은경
293,Kelly Weaver
294,곽영순
295,이수진
296,Laurie Pierce
297,高橋 舞
298,Nancy Knight MD
299,谷桂芳
300,배현숙
301,吴静
302,Jacqueline Curry
303,中村 翼
304,中村 拓真
305,田中 翔太
306,宋峰
307,渡辺 花子
308,Melissa Hamilton
309,박정희
310,우정웅
311,Carl Levy
312,김상훈
313,Tristan Ross
314,Sandra Davis
315,지유진
316,杨秀华
317,김유진
318,森 和也
319,渡辺 智也
320,고지우
321,Anita Price
322,Elizabeth Romero
323,李淑兰
324,小林 亮介
325,松本 拓真
326,진수빈
327,Steven Gardner II
328,Gabrielle Tucker
329,海雪
330,藤原 さゆり
331,吉田 幹
332,伊藤 さゆり
333,加藤 香織
334,Justin George
335,松本 真綾
336,Jason Ramirez
337,이서영
338,박성진
339,田中 裕美子
340,松本 あすか
341,Michael Newman
342,坂本 知実
343,이민수
344,刘平
345,Michele Hart
346,伊藤 くみ子
347,손영자
348,Alejandro Torres
349,李林
350,原雷
351,郭洋
352,高橋 翔太
353,Melanie Williams
354,任鹏
355,이광수
356,김승민
357,山崎 さゆり
358,渡辺 花子
359,太田 太一
360,윤지현
361,遠藤 直子
362,清水 春香
363,何杨
364,清水 春香
365,山口 健一
366,周萍
367,Devin Moreno
368,이동현
369,阿部 直人
370,Sarah Cummings
371,김숙자
372,张丹丹
373,양상현
374,Sarah Rogers
375,김지혜
376,徐飞
377,이정숙
378,许强
379,허은주
380,최중수
381,戴秀珍
382,福田 拓真
383,김예은
384,魏伟
385,鈴木 京助
386,이수민
387,Dr. Mary Pham
388,Danielle Stokes
389,郑博
390,황지훈
391,Shawn Reed
392,지지영
393,Jeffrey Bennett
394,長谷川 翼
395,曾燕
396,Michael Vance
397,彭艳
398,山下 零
399,青木 太郎
400,김정희
401,George Booker
402,贾静
403,佐々木 裕太
404,김영희
405,최현숙
406,Brittany Bennett
407,王明
408,藤田 充
409,山本 加奈
410,류현정
411,赵晶
412,关丹
413,王秀梅
414,殷雪
415,David Hampton
416,藤原 加奈
417,林红霞
418,심지민
419,池田 舞
420,Danielle Chan
421,윤성훈
422,彭丽
423,伊藤 明美
424,Emily Ramirez
425,최현준
426,Emily Nichols
427,박승현
428,吴岩
429,江彬
430,Keith Kirk
431,Lisa Simon
432,李建华
433,陈秀英
434,高橋 翔太
435,侯丹
436,Jeffrey Wiggins
437,최영숙
438,강도현
439,王春梅
440,叶莉
441,박도현
442,小林 淳
443,Victoria Kelly
444,Courtney Fletcher
445,박도현
446,张静
447,孟莉
448,前田 さゆり
449,Ronald Stewart
450,성은정
451,石井 学
452,Daniel Romero
453,翟畅
454,Janet Leblanc
455,山下 翔太
456,Bryan Harris
457,小林 花子
458,刘晶
459,허예진
460,藤原 桃子
461,陈辉
462,李玉兰
463,Andrew Lewis
464,松本 陽子
465,鈴木 美加子
466,周芳
467,林 加奈
468,松本 くみ子
469,温桂花
470,佐藤 陽子
471,村上 健一
472,殷峰
473,胡璐
474,加藤 里佳
475,近藤 舞
476,翟秀英
477,Kristen Browning
478,이영환
479,高橋 英樹
480,Diana Grimes
481,Patricia Perry
482,小川 真綾
483,梁强
484,Gabrielle Richardson
485,윤은경
486,강준혁
487,山口 康弘
488,高橋 聡太郎
489,배민재
490,Evan Romero
491,亓淑兰
492,佐藤 あすか
493,류수민
494,Krista Berry
495,鈴木 加奈
496,Debra Miller
497,Nicholas Baker
498,陈丽
499,Elizabeth Russo
500,阎明
501,Timothy Villarreal
502,박성호
503,Alyssa Stewart
504,坂本 明美
505,Mary Salas
506,우상철
507,김영환
508,이병철
509,藤原 太一
510,Miranda Robinson
511,王桂花
512,刘红
513,藤田 治
514,Amanda Rice
515,山本 智也
516,吴颖
517,Christopher Cohen
518,福田 拓真
519,佐藤 晃
520,清水 学
521,이정자
522,鈴木 拓真
523,송현정
524,木村 春香
525,박정순
526,钱娜
527,村上 充
528,Kristine Shaffer
529,刘晨
530,김예원
531,伊藤 七夏
532,西村 美加子
533,吴芳
534,中村 桃子
535,前田 裕樹
536,王雷
537,Rachel Berg
538,김민석
539,萧鑫
540,성은영
541,窦兰英
542,Ralph Gordon
543,小林 知実
544,박영길
545,鈴木 くみ子
546,邓玉梅
547,伊藤 直子
548,Christian Mayo
549,斉藤 明美
550,山本 花子
551,王坤
552,Shelly Palmer
553,Larry Silva
554,高建
555,山本 治
556,胡玉
557,中島 里佳
558,Jake Hall
559,박영일
560,Thomas Good
561,王超
562,邵超
563,박성진
564,佐藤 修平
565,이영철
566,伊藤 修平
567,伊藤 春香
568,杨利
569,田中 学
570,Colleen Thompson
571,Anne Norton
572,Brianna Whitaker
573,王峰
574,林 翼
575,森 香織
576,Paul Wilson
577,岡田 くみ子
578,刘红霞
579,佐藤 翔太
580,中村 翼
581,潘玉梅
582,吴红霞
583,Ronald Wiley
584,许华
585,小川 洋介
586,包淑华
587,黄敏
588,吴秀英
589,김민준
590,汤云
591,박재현
592,鈴木 浩
593,山崎 健一
594,이영자
595,坂本 陽子
596,叶明
597,松本 零
598,김아름
599,山口 裕美子
600,戴凤英
601,中村 香織
602,佐藤 さゆり
603,费宁
604,近藤 聡太郎
605,Ian Williams
606,苏伟
607,李坤
608,李林
609,Jorge Santana
610,鲁丹
611,汤梅
612,山口 太一
613,김상철
614,Brandi Clark
615,黄杰
616,邓红梅
617,Anita Schneider
618,이영환
619,森 里佳
620,山本 智也
621,Anthony Richardson
622,Brandy Jones
623,서영호
624,斎藤 裕美子
625,佐々木 直子
626,김재호
627,王俊
628,山本 陽一
629,Eric Freeman
630,이은주
631,Jeffrey Ho
632,Herbert Valdez
633,木村 真綾
634,杨博
635,Joseph Bradley
636,吴娜
637,Tricia Sanchez
638,김지아
639,박영호
640,藤井 桃子
641,박경숙
642,木村 幹
643,Kevin Williams
644,長谷川 七夏
645,田建军
646,前田 太一
647,吉田 康弘
648,Latoya Booker
649,朱强
650,温涛
651,林璐
652,김수민
653,杨俊
654,Lisa Parker
655,Jessica Ellis
656,Carolyn Gilbert
657,Leslie Cobb
658,Christopher Smith
659,鈴木 千代
660,서은정
661,Robert Ramos
662,王洁
663,吴娜
664,Jerry Farrell
665,김현우
666,吴丹丹
667,张秀珍
668,藤田 直人
669,王淑华
670,郝芳
671,Ashley Brown
672,福田 翼
673,张丹
674,邢春梅
675,张宇
676,斎藤 くみ子
677,김예원
678,李鹏
679,김성호
680,陈强
681,Mr. Patrick Turner
682,山本 幹
683,佐々木 翼
684,松本 直人
685,薛桂芝
686,윤지민
687,최영길
688,加藤 直人
689,刘旭
690,伊藤 桃子
691,廖兵
692,이아름
693,Mary Ortiz
694,石井 知実
695,赵兰英
696,김영숙
697,Toni Munoz
698,陶林
699,Logan Cruz
700,Elaine Hamilton
701,李利
702,Joseph Oconnor
703,谭斌
704,Joshua Little
705,松田 陽子
706,高橋 零
707,Walter Wilson
708,Beverly Anderson
709,안정식
710,李博
711,刘霞
712,Thomas Davis MD
713,李彬
714,손성현
715,马桂英
716,오서영
717,佐藤 美加子
718,Robert Lopez
719,Robin Ingram
720,加藤 和也
721,Wendy Mills
722,장민서
723,Gregory Christensen
724,이영철
725,김상호
726,董敏
727,郑涛
728,Sabrina Smith
729,韦楠
730,杜雪
731,Peggy Richards
732,孙琴
733,Lauren Bailey
734,Danielle Fowler
735,高橋 晃
736,Dwayne Kennedy
737,김주원
738,Mrs. Julie Morrison
739,Joshua Craig
740,윤유진
741,耿玲
742,石川 翼
743,林 陽一
744,김동현
745,李颖
746,林丹丹
747,이우진
748,郑杨
749,唐建
750,吉田 さゆり
751,山本 里佳
752,松本 淳
753,程敏
754,Catherine Hicks
755,廖慧
756,叶秀珍
757,Mark Torres
758,张瑜
759,長谷川 さゆり
760,안유진
761,李凤兰
762,Dr. Jill Blair DVM
763,高橋 里佳
764,陆玉珍
765,山田 晃
766,차정수
767,鈴木 美加子
768,Marcia Barker
769,Jillian Carr
770,Leah Shelton
771,Anthony Wilson
772,井上 聡太郎
773,김민서
774,김순자
775,Kristine Adams
776,최상호
777,이현숙
778,강서준
779,周秀梅
780,Randall Johnson
781,류영자
782,中村 千代
783,盖秀云
784,游彬
785,Erica Robinson
786,池田 零
787,鈴木 美加子
788,황경숙
789,石兰英
790,Stephanie Yates DDS
791,Andrew Tate
792,遠藤 和也
793,萧淑英
794,周燕
795,김영환
796,Ian Day
797,乔建平
798,이지연
799,管斌
800,Eduardo Jensen
801,김수민
802,渡辺 結衣
803,황민재
804,後藤 陽子
805,佐藤 舞
806,황예원
807,陈秀梅
808,邬洋
809,李秀荣
810,박지현
811,Alfred Pratt
812,Bradley Chambers
813,鈴木 真綾
814,김도현
815,山本 聡太郎
816,韩淑兰
817,张凤英
818,刘秀珍
819,Madison Miles MD
820,雷志强
821,王艳
822,後藤 加奈
823,Christopher Green
824,高橋 直人
825,石井 舞
826,詹宁
827,张秀云
828,Emily Robinson
829,林桂荣
830,李明
831,박정웅
832,김현정
833,高帅
834,伊藤 浩
835,이순자
836,王强
837,구경희
838,山田 聡太郎
839,Sergio Lee
840,백우진
841,森 明美
842,김서윤
843,홍진호
844,高橋 晃
845,兰平
846,김경숙
847,渡辺 直人
848,박옥자
849,张丽
850,青木 修平
851,佐藤 聡太郎
852,이중수
853,Leslie Collier
854,佐藤 美加子
855,赵杨
856,佐藤 健一
857,Tina Browning
858,최병철
859,Kim Martin
860,박광수
861,손경숙
862,홍경희
863,Karen Thompson
864,木村 結衣
865,藤原 舞
866,王雷
867,Jose Richardson
868,谢雪梅
869,路博
870,郑想
871,김정순
872,熊明
873,Kevin Brown
874,庄玉珍
875,太田 七夏
876,손정숙
877,宋秀荣
878,李凯
879,丁柳
880,小林 涼平
881,Dustin Johnson
882,강정남
883,傅健
884,윤종수
885,孟秀英
886,村上 春香
887,남경희
888,佐藤 聡太郎
889,강정순
890,向佳
891,Haley Kirk
892,王燕
893,敬欢
894,张伟
895,韩凯
896,刘荣
897,松田 七夏
898,Lisa Espinoza
899,山口 淳
900,柯刚
901,中島 加奈
902,Russell Hicks
903,山口 加奈
904,姜峰
905,오준호
906,山本 千代
907,Stacey Padilla
908,Alejandro Sandoval
909,양민재
910,Rebecca King MD
911,김민서
912,张辉
913,阿部 桃子
914,王秀英
915,田中 真綾
916,青木 洋介
917,吴刚
918,박순자
919,오정웅
920,刘宇
921,차현우
922,Kevin Dudley
923,주민서
924,Sarah Wilson
925,蒙欢
926,耿云
927,이지혜
928,赵娟
929,佐藤 あすか
930,高橋 亮介
931,宋红霞
932,유하윤
933,斎藤 裕太
934,Kristi Harrison
935,佐藤 晃
936,山下 拓真
937,Denise Mcpherson
938,渡辺 直子
939,이상호
940,Emily Jennings
941,程晶
942,Ray Lin
943,杜芳
